year,revenue
1,15843.407447620011
2,18311.227918181386
3,19104.66900198401
4,11244.81625490775
5,25418.215394293526
6,22363.245029433383
7,29450.524681437917
8,33573.925113234145
9,40715.089131822264
10,44940.265617511344
11,43732.42278387017
12,64178.95446799666
13,72217.0086476413
14,80333.4409992854
15,95468.08091881865
16,110901.95703325832
17,129176.13516943529
18,157001.54807861574
19,171782.56651100903
20,201695.69615129998
