country,year,variable,value
Germany,2017,unemp,3.75
Germany,2017,gdp,53071.4555699913
Germany,2018,unemp,3.38000011444092
Germany,2018,gdp,53431.3928655449
Greece,2017,unemp,21.4899997711182
Greece,2017,gdp,28604.8609402657
Greece,2018,unemp,19.2900009155273
Greece,2018,gdp,29141.1743829385
