country,year,gdp
Germany,2017,53071.4555699913
Germany,2018,53431.3928655449
Greece,2017,28604.8609402657
Greece,2018,29141.1743829385
