country,year,unemp,gdp
Germany,2017,3.75,53071.4555699913
Germany,2018,3.38000011444092,53431.3928655449
Greece,2017,21.4899997711182,28604.8609402657
Greece,2018,19.2900009155273,29141.1743829385
